customer_id,store_id,first_name,last_name,email,address_id,active,create_date,last_update
1,1,MARY,SMITH,MARY.SMITH@sakilacustomer.org,5,1,2006-02-14 22:04:36,2006-02-15 04:57:20
5,1,ELIZABETH,BROWN,ELIZABETH.BROWN@sakilacustomer.org,9,1,2006-02-14 22:04:36,2006-02-15 04:57:20
8,2,SUSAN,WILSON,SUSAN.WILSON@sakilacustomer.org,12,1,2006-02-14 22:04:36,2006-02-15 04:57:20
10,1,DOROTHY,TAYLOR,DOROTHY.TAYLOR@sakilacustomer.org,14,1,2006-02-14 22:04:36,2006-02-15 04:57:20
14,2,BETTY,WHITE,BETTY.WHITE@sakilacustomer.org,18,1,2006-02-14 22:04:36,2006-02-15 04:57:20
18,2,CAROL,GARCIA,CAROL.GARCIA@sakilacustomer.org,22,1,2006-02-14 22:04:36,2006-02-15 04:57:20
24,2,KIMBERLY,LEE,KIMBERLY.LEE@sakilacustomer.org,28,1,2006-02-14 22:04:36,2006-02-15 04:57:20
25,1,DEBORAH,WALKER,DEBORAH.WALKER@sakilacustomer.org,29,1,2006-02-14 22:04:36,2006-02-15 04:57:20
32,1,AMY,LOPEZ,AMY.LOPEZ@sakilacustomer.org,36,1,2006-02-14 22:04:36,2006-02-15 04:57:20
34,2,REBECCA,SCOTT,REBECCA.SCOTT@sakilacustomer.org,38,1,2006-02-14 22:04:36,2006-02-15 04:57:20
38,1,MARTHA,GONZALEZ,MARTHA.GONZALEZ@sakilacustomer.org,42,1,2006-02-14 22:04:36,2006-02-15 04:57:20
39,1,DEBRA,NELSON,DEBRA.NELSON@sakilacustomer.org,43,1,2006-02-14 22:04:36,2006-02-15 04:57:20
44,1,MARIE,TURNER,MARIE.TURNER@sakilacustomer.org,48,1,2006-02-14 22:04:36,2006-02-15 04:57:20
45,1,JANET,PHILLIPS,JANET.PHILLIPS@sakilacustomer.org,49,1,2006-02-14 22:04:36,2006-02-15 04:57:20
46,2,CATHERINE,CAMPBELL,CATHERINE.CAMPBELL@sakilacustomer.org,50,1,2006-02-14 22:04:36,2006-02-15 04:57:20
49,2,JOYCE,EDWARDS,JOYCE.EDWARDS@sakilacustomer.org,53,1,2006-02-14 22:04:36,2006-02-15 04:57:20
50,1,DIANE,COLLINS,DIANE.COLLINS@sakilacustomer.org,54,1,2006-02-14 22:04:36,2006-02-15 04:57:20
54,1,TERESA,ROGERS,TERESA.ROGERS@sakilacustomer.org,58,1,2006-02-14 22:04:36,2006-02-15 04:57:20
55,2,DORIS,REED,DORIS.REED@sakilacustomer.org,59,1,2006-02-14 22:04:36,2006-02-15 04:57:20
57,2,EVELYN,MORGAN,EVELYN.MORGAN@sakilacustomer.org,61,1,2006-02-14 22:04:36,2006-02-15 04:57:20
65,2,ROSE,HOWARD,ROSE.HOWARD@sakilacustomer.org,69,1,2006-02-14 22:04:36,2006-02-15 04:57:20
66,2,JANICE,WARD,JANICE.WARD@sakilacustomer.org,70,1,2006-02-14 22:04:36,2006-02-15 04:57:20
72,2,THERESA,WATSON,THERESA.WATSON@sakilacustomer.org,76,1,2006-02-14 22:04:36,2006-02-15 04:57:20
73,2,BEVERLY,BROOKS,BEVERLY.BROOKS@sakilacustomer.org,77,1,2006-02-14 22:04:36,2006-02-15 04:57:20
75,2,TAMMY,SANDERS,TAMMY.SANDERS@sakilacustomer.org,79,1,2006-02-14 22:04:36,2006-02-15 04:57:20
81,1,ANDREA,HENDERSON,ANDREA.HENDERSON@sakilacustomer.org,85,1,2006-02-14 22:04:36,2006-02-15 04:57:20
82,1,KATHRYN,COLEMAN,KATHRYN.COLEMAN@sakilacustomer.org,86,1,2006-02-14 22:04:36,2006-02-15 04:57:20
87,1,WANDA,PATTERSON,WANDA.PATTERSON@sakilacustomer.org,91,1,2006-02-14 22:04:36,2006-02-15 04:57:20
89,1,JULIA,FLORES,JULIA.FLORES@sakilacustomer.org,93,1,2006-02-14 22:04:36,2006-02-15 04:57:20
92,2,TINA,SIMMONS,TINA.SIMMONS@sakilacustomer.org,96,1,2006-02-14 22:04:36,2006-02-15 04:57:20
93,1,PHYLLIS,FOSTER,PHYLLIS.FOSTER@sakilacustomer.org,97,1,2006-02-14 22:04:36,2006-02-15 04:57:20
96,1,DIANA,ALEXANDER,DIANA.ALEXANDER@sakilacustomer.org,100,1,2006-02-14 22:04:36,2006-02-15 04:57:20
100,1,ROBIN,HAYES,ROBIN.HAYES@sakilacustomer.org,104,1,2006-02-14 22:04:36,2006-02-15 04:57:20
106,1,CONNIE,WALLACE,CONNIE.WALLACE@sakilacustomer.org,110,1,2006-02-14 22:04:36,2006-02-15 04:57:20
108,1,TRACY,COLE,TRACY.COLE@sakilacustomer.org,112,1,2006-02-14 22:04:36,2006-02-15 04:57:20
111,1,CARMEN,OWENS,CARMEN.OWENS@sakilacustomer.org,115,1,2006-02-14 22:04:36,2006-02-15 04:57:20
116,1,VICTORIA,GIBSON,VICTORIA.GIBSON@sakilacustomer.org,120,1,2006-02-14 22:04:36,2006-02-15 04:57:20
120,2,SYLVIA,ORTIZ,SYLVIA.ORTIZ@sakilacustomer.org,124,1,2006-02-14 22:04:36,2006-02-15 04:57:20
127,2,ELAINE,STEVENS,ELAINE.STEVENS@sakilacustomer.org,131,1,2006-02-14 22:04:36,2006-02-15 04:57:20
139,1,AMBER,DIXON,AMBER.DIXON@sakilacustomer.org,143,1,2006-02-14 22:04:36,2006-02-15 04:57:20
141,1,DEBBIE,REYES,DEBBIE.REYES@sakilacustomer.org,145,1,2006-02-14 22:04:36,2006-02-15 04:57:20
144,1,CLARA,SHAW,CLARA.SHAW@sakilacustomer.org,148,1,2006-02-14 22:04:36,2006-02-15 04:57:20
145,1,LUCILLE,HOLMES,LUCILLE.HOLMES@sakilacustomer.org,149,1,2006-02-14 22:04:36,2006-02-15 04:57:20
147,2,JOANNE,ROBERTSON,JOANNE.ROBERTSON@sakilacustomer.org,151,1,2006-02-14 22:04:36,2006-02-15 04:57:20
148,1,ELEANOR,HUNT,ELEANOR.HUNT@sakilacustomer.org,152,1,2006-02-14 22:04:36,2006-02-15 04:57:20
150,2,DANIELLE,DANIELS,DANIELLE.DANIELS@sakilacustomer.org,154,1,2006-02-14 22:04:36,2006-02-15 04:57:20
151,2,MEGAN,PALMER,MEGAN.PALMER@sakilacustomer.org,155,1,2006-02-14 22:04:36,2006-02-15 04:57:20
154,2,MICHELE,GRANT,MICHELE.GRANT@sakilacustomer.org,158,1,2006-02-14 22:04:36,2006-02-15 04:57:20
158,1,VERONICA,STONE,VERONICA.STONE@sakilacustomer.org,162,1,2006-02-14 22:04:36,2006-02-15 04:57:20
161,1,GERALDINE,PERKINS,GERALDINE.PERKINS@sakilacustomer.org,165,1,2006-02-14 22:04:36,2006-02-15 04:57:20
166,1,LYNN,PAYNE,LYNN.PAYNE@sakilacustomer.org,170,1,2006-02-14 22:04:36,2006-02-15 04:57:20
170,1,BEATRICE,ARNOLD,BEATRICE.ARNOLD@sakilacustomer.org,174,1,2006-02-14 22:04:36,2006-02-15 04:57:20
178,2,MARION,SNYDER,MARION.SNYDER@sakilacustomer.org,182,1,2006-02-14 22:04:36,2006-02-15 04:57:20
180,2,STACY,CUNNINGHAM,STACY.CUNNINGHAM@sakilacustomer.org,184,1,2006-02-14 22:04:36,2006-02-15 04:57:20
183,2,IDA,ANDREWS,IDA.ANDREWS@sakilacustomer.org,187,1,2006-02-14 22:04:36,2006-02-15 04:57:20
184,1,VIVIAN,RUIZ,VIVIAN.RUIZ@sakilacustomer.org,188,1,2006-02-14 22:04:36,2006-02-15 04:57:20
193,2,KATIE,ELLIOTT,KATIE.ELLIOTT@sakilacustomer.org,197,1,2006-02-14 22:04:36,2006-02-15 04:57:20
197,2,SUE,PETERS,SUE.PETERS@sakilacustomer.org,201,1,2006-02-14 22:04:36,2006-02-15 04:57:20
202,2,CARLA,GUTIERREZ,CARLA.GUTIERREZ@sakilacustomer.org,206,1,2006-02-14 22:04:36,2006-02-15 04:57:20
204,1,ROSEMARY,SCHMIDT,ROSEMARY.SCHMIDT@sakilacustomer.org,208,1,2006-02-14 22:04:36,2006-02-15 04:57:20
209,2,TONYA,CHAPMAN,TONYA.CHAPMAN@sakilacustomer.org,213,1,2006-02-14 22:04:36,2006-02-15 04:57:20
213,1,GINA,WILLIAMSON,GINA.WILLIAMSON@sakilacustomer.org,217,1,2006-02-14 22:04:36,2006-02-15 04:57:20
214,1,KRISTIN,JOHNSTON,KRISTIN.JOHNSTON@sakilacustomer.org,218,1,2006-02-14 22:04:36,2006-02-15 04:57:20
216,1,NATALIE,MEYER,NATALIE.MEYER@sakilacustomer.org,220,1,2006-02-14 22:04:36,2006-02-15 04:57:20
224,2,PEARL,GARZA,PEARL.GARZA@sakilacustomer.org,228,1,2006-02-14 22:04:36,2006-02-15 04:57:20
226,2,MAUREEN,LITTLE,MAUREEN.LITTLE@sakilacustomer.org,230,1,2006-02-14 22:04:36,2006-02-15 04:57:20
239,2,MINNIE,ROMERO,MINNIE.ROMERO@sakilacustomer.org,243,1,2006-02-14 22:04:36,2006-02-15 04:57:20
247,1,STELLA,MORENO,STELLA.MORENO@sakilacustomer.org,251,1,2006-02-14 22:04:36,2006-02-15 04:57:20
252,2,MATTIE,HOFFMAN,MATTIE.HOFFMAN@sakilacustomer.org,256,1,2006-02-14 22:04:36,2006-02-15 04:57:20
259,2,LENA,JENSEN,LENA.JENSEN@sakilacustomer.org,264,1,2006-02-14 22:04:36,2006-02-15 04:57:20
261,1,DEANNA,BYRD,DEANNA.BYRD@sakilacustomer.org,266,1,2006-02-14 22:04:36,2006-02-15 04:57:20
262,2,PATSY,DAVIDSON,PATSY.DAVIDSON@sakilacustomer.org,267,1,2006-02-14 22:04:36,2006-02-15 04:57:20
265,2,JENNIE,TERRY,JENNIE.TERRY@sakilacustomer.org,270,1,2006-02-14 22:04:36,2006-02-15 04:57:20
266,2,NORA,HERRERA,NORA.HERRERA@sakilacustomer.org,271,1,2006-02-14 22:04:36,2006-02-15 04:57:20
268,1,NINA,SOTO,NINA.SOTO@sakilacustomer.org,273,1,2006-02-14 22:04:36,2006-02-15 04:57:20
269,1,CASSANDRA,WALTERS,CASSANDRA.WALTERS@sakilacustomer.org,274,1,2006-02-14 22:04:36,2006-02-15 04:57:20
271,1,PENNY,NEAL,PENNY.NEAL@sakilacustomer.org,276,0,2006-02-14 22:04:36,2006-02-15 04:57:20
273,2,PRISCILLA,LOWE,PRISCILLA.LOWE@sakilacustomer.org,278,1,2006-02-14 22:04:37,2006-02-15 04:57:20
275,2,CAROLE,BARNETT,CAROLE.BARNETT@sakilacustomer.org,280,1,2006-02-14 22:04:37,2006-02-15 04:57:20
277,2,OLGA,JIMENEZ,OLGA.JIMENEZ@sakilacustomer.org,282,1,2006-02-14 22:04:37,2006-02-15 04:57:20
279,2,DIANNE,SHELTON,DIANNE.SHELTON@sakilacustomer.org,284,1,2006-02-14 22:04:37,2006-02-15 04:57:20
285,1,MIRIAM,MCKINNEY,MIRIAM.MCKINNEY@sakilacustomer.org,290,1,2006-02-14 22:04:37,2006-02-15 04:57:20
286,1,VELMA,LUCAS,VELMA.LUCAS@sakilacustomer.org,291,1,2006-02-14 22:04:37,2006-02-15 04:57:20
301,2,ROBERT,BAUGHMAN,ROBERT.BAUGHMAN@sakilacustomer.org,306,1,2006-02-14 22:04:37,2006-02-15 04:57:20
302,1,MICHAEL,SILVERMAN,MICHAEL.SILVERMAN@sakilacustomer.org,307,1,2006-02-14 22:04:37,2006-02-15 04:57:20
303,2,WILLIAM,SATTERFIELD,WILLIAM.SATTERFIELD@sakilacustomer.org,308,1,2006-02-14 22:04:37,2006-02-15 04:57:20
305,1,RICHARD,MCCRARY,RICHARD.MCCRARY@sakilacustomer.org,310,1,2006-02-14 22:04:37,2006-02-15 04:57:20
310,2,DANIEL,CABRAL,DANIEL.CABRAL@sakilacustomer.org,315,1,2006-02-14 22:04:37,2006-02-15 04:57:20
316,1,STEVEN,CURLEY,STEVEN.CURLEY@sakilacustomer.org,321,1,2006-02-14 22:04:37,2006-02-15 04:57:20
320,2,ANTHONY,SCHWAB,ANTHONY.SCHWAB@sakilacustomer.org,325,1,2006-02-14 22:04:37,2006-02-15 04:57:20
332,1,STEPHEN,QUALLS,STEPHEN.QUALLS@sakilacustomer.org,337,1,2006-02-14 22:04:37,2006-02-15 04:57:20
336,1,JOSHUA,MARK,JOSHUA.MARK@sakilacustomer.org,341,1,2006-02-14 22:04:37,2006-02-15 04:57:20
344,1,HENRY,BILLINGSLEY,HENRY.BILLINGSLEY@sakilacustomer.org,349,1,2006-02-14 22:04:37,2006-02-15 04:57:20
345,1,CARL,ARTIS,CARL.ARTIS@sakilacustomer.org,350,1,2006-02-14 22:04:37,2006-02-15 04:57:20
352,1,ALBERT,CROUSE,ALBERT.CROUSE@sakilacustomer.org,357,1,2006-02-14 22:04:37,2006-02-15 04:57:20
355,2,TERRY,GRISSOM,TERRY.GRISSOM@sakilacustomer.org,360,1,2006-02-14 22:04:37,2006-02-15 04:57:20
358,2,SAMUEL,MARLOW,SAMUEL.MARLOW@sakilacustomer.org,363,1,2006-02-14 22:04:37,2006-02-15 04:57:20
359,2,WILLIE,MARKHAM,WILLIE.MARKHAM@sakilacustomer.org,364,1,2006-02-14 22:04:37,2006-02-15 04:57:20
365,2,BRUCE,SCHWARZ,BRUCE.SCHWARZ@sakilacustomer.org,370,1,2006-02-14 22:04:37,2006-02-15 04:57:20
366,1,BRANDON,HUEY,BRANDON.HUEY@sakilacustomer.org,371,1,2006-02-14 22:04:37,2006-02-15 04:57:20
367,1,ADAM,GOOCH,ADAM.GOOCH@sakilacustomer.org,372,1,2006-02-14 22:04:37,2006-02-15 04:57:20
369,2,FRED,WHEAT,FRED.WHEAT@sakilacustomer.org,374,1,2006-02-14 22:04:37,2006-02-15 04:57:20
370,2,WAYNE,TRUONG,WAYNE.TRUONG@sakilacustomer.org,375,1,2006-02-14 22:04:37,2006-02-15 04:57:20
372,2,STEVE,MACKENZIE,STEVE.MACKENZIE@sakilacustomer.org,377,1,2006-02-14 22:04:37,2006-02-15 04:57:20
387,2,JESSE,SCHILLING,JESSE.SCHILLING@sakilacustomer.org,392,1,2006-02-14 22:04:37,2006-02-15 04:57:20
388,2,CRAIG,MORRELL,CRAIG.MORRELL@sakilacustomer.org,393,1,2006-02-14 22:04:37,2006-02-15 04:57:20
389,1,ALAN,KAHN,ALAN.KAHN@sakilacustomer.org,394,1,2006-02-14 22:04:37,2006-02-15 04:57:20
391,1,CLARENCE,GAMEZ,CLARENCE.GAMEZ@sakilacustomer.org,396,1,2006-02-14 22:04:37,2006-02-15 04:57:20
397,1,JIMMY,SCHRADER,JIMMY.SCHRADER@sakilacustomer.org,402,1,2006-02-14 22:04:37,2006-02-15 04:57:20
406,1,NATHAN,RUNYON,NATHAN.RUNYON@sakilacustomer.org,411,0,2006-02-14 22:04:37,2006-02-15 04:57:20
409,2,RODNEY,MOELLER,RODNEY.MOELLER@sakilacustomer.org,414,1,2006-02-14 22:04:37,2006-02-15 04:57:20
410,2,CURTIS,IRBY,CURTIS.IRBY@sakilacustomer.org,415,1,2006-02-14 22:04:37,2006-02-15 04:57:20
411,1,NORMAN,CURRIER,NORMAN.CURRIER@sakilacustomer.org,416,1,2006-02-14 22:04:37,2006-02-15 04:57:20
417,1,TRAVIS,ESTEP,TRAVIS.ESTEP@sakilacustomer.org,422,1,2006-02-14 22:04:37,2006-02-15 04:57:20
418,2,JEFF,EAST,JEFF.EAST@sakilacustomer.org,423,1,2006-02-14 22:04:37,2006-02-15 04:57:20
425,2,FRANCIS,SIKES,FRANCIS.SIKES@sakilacustomer.org,430,1,2006-02-14 22:04:37,2006-02-15 04:57:20
429,2,FREDERICK,ISBELL,FREDERICK.ISBELL@sakilacustomer.org,434,1,2006-02-14 22:04:37,2006-02-15 04:57:20
431,2,JOEL,FRANCISCO,JOEL.FRANCISCO@sakilacustomer.org,436,1,2006-02-14 22:04:37,2006-02-15 04:57:20
438,1,BARRY,LOVELACE,BARRY.LOVELACE@sakilacustomer.org,443,1,2006-02-14 22:04:37,2006-02-15 04:57:20
448,1,MIGUEL,BETANCOURT,MIGUEL.BETANCOURT@sakilacustomer.org,453,1,2006-02-14 22:04:37,2006-02-15 04:57:20
449,2,OSCAR,AQUINO,OSCAR.AQUINO@sakilacustomer.org,454,1,2006-02-14 22:04:37,2006-02-15 04:57:20
459,1,TOMMY,COLLAZO,TOMMY.COLLAZO@sakilacustomer.org,464,1,2006-02-14 22:04:37,2006-02-15 04:57:20
463,2,DARRELL,POWER,DARRELL.POWER@sakilacustomer.org,468,1,2006-02-14 22:04:37,2006-02-15 04:57:20
464,1,JEROME,KENYON,JEROME.KENYON@sakilacustomer.org,469,1,2006-02-14 22:04:37,2006-02-15 04:57:20
470,1,GORDON,ALLARD,GORDON.ALLARD@sakilacustomer.org,475,1,2006-02-14 22:04:37,2006-02-15 04:57:20
471,1,DEAN,SAUER,DEAN.SAUER@sakilacustomer.org,476,1,2006-02-14 22:04:37,2006-02-15 04:57:20
477,1,DAN,PAINE,DAN.PAINE@sakilacustomer.org,482,1,2006-02-14 22:04:37,2006-02-15 04:57:20
481,1,HERMAN,DEVORE,HERMAN.DEVORE@sakilacustomer.org,486,1,2006-02-14 22:04:37,2006-02-15 04:57:20
482,1,MAURICE,CRAWLEY,MAURICE.CRAWLEY@sakilacustomer.org,487,0,2006-02-14 22:04:37,2006-02-15 04:57:20
487,2,HECTOR,POINDEXTER,HECTOR.POINDEXTER@sakilacustomer.org,492,1,2006-02-14 22:04:37,2006-02-15 04:57:20
489,1,RICARDO,MEADOR,RICARDO.MEADOR@sakilacustomer.org,494,1,2006-02-14 22:04:37,2006-02-15 04:57:20
490,1,SAM,MCDUFFIE,SAM.MCDUFFIE@sakilacustomer.org,495,1,2006-02-14 22:04:37,2006-02-15 04:57:20
491,2,RICK,MATTOX,RICK.MATTOX@sakilacustomer.org,496,1,2006-02-14 22:04:37,2006-02-15 04:57:20
497,2,GILBERT,SLEDGE,GILBERT.SLEDGE@sakilacustomer.org,502,1,2006-02-14 22:04:37,2006-02-15 04:57:20
501,1,RUBEN,GEARY,RUBEN.GEARY@sakilacustomer.org,506,1,2006-02-14 22:04:37,2006-02-15 04:57:20
506,2,LESLIE,SEWARD,LESLIE.SEWARD@sakilacustomer.org,511,1,2006-02-14 22:04:37,2006-02-15 04:57:20
507,2,EDGAR,RHOADS,EDGAR.RHOADS@sakilacustomer.org,512,1,2006-02-14 22:04:37,2006-02-15 04:57:20
513,2,DUANE,TUBBS,DUANE.TUBBS@sakilacustomer.org,519,1,2006-02-14 22:04:37,2006-02-15 04:57:20
514,2,FRANKLIN,TROUTMAN,FRANKLIN.TROUTMAN@sakilacustomer.org,520,1,2006-02-14 22:04:37,2006-02-15 04:57:20
518,1,GABRIEL,HARDER,GABRIEL.HARDER@sakilacustomer.org,524,1,2006-02-14 22:04:37,2006-02-15 04:57:20
527,1,CORY,MEEHAN,CORY.MEEHAN@sakilacustomer.org,533,1,2006-02-14 22:04:37,2006-02-15 04:57:20
531,2,JAMIE,WAUGH,JAMIE.WAUGH@sakilacustomer.org,537,1,2006-02-14 22:04:37,2006-02-15 04:57:20
533,1,JESSIE,MILAM,JESSIE.MILAM@sakilacustomer.org,539,1,2006-02-14 22:04:37,2006-02-15 04:57:20
537,2,CLINTON,BUFORD,CLINTON.BUFORD@sakilacustomer.org,543,1,2006-02-14 22:04:37,2006-02-15 04:57:20
539,1,MATHEW,BOLIN,MATHEW.BOLIN@sakilacustomer.org,545,1,2006-02-14 22:04:37,2006-02-15 04:57:20
541,2,DARREN,WINDHAM,DARREN.WINDHAM@sakilacustomer.org,547,1,2006-02-14 22:04:37,2006-02-15 04:57:20
547,1,KURT,EMMONS,KURT.EMMONS@sakilacustomer.org,553,1,2006-02-14 22:04:37,2006-02-15 04:57:20
554,1,DWAYNE,OLVERA,DWAYNE.OLVERA@sakilacustomer.org,560,1,2006-02-14 22:04:37,2006-02-15 04:57:20
560,1,JORDAN,ARCHULETA,JORDAN.ARCHULETA@sakilacustomer.org,566,1,2006-02-14 22:04:37,2006-02-15 04:57:20
562,1,WALLACE,SLONE,WALLACE.SLONE@sakilacustomer.org,568,1,2006-02-14 22:04:37,2006-02-15 04:57:20
566,1,CASEY,MENA,CASEY.MENA@sakilacustomer.org,572,1,2006-02-14 22:04:37,2006-02-15 04:57:20
570,2,IVAN,CROMWELL,IVAN.CROMWELL@sakilacustomer.org,576,1,2006-02-14 22:04:37,2006-02-15 04:57:20
581,1,VIRGIL,WOFFORD,VIRGIL.WOFFORD@sakilacustomer.org,587,1,2006-02-14 22:04:37,2006-02-15 04:57:20
585,1,PERRY,SWAFFORD,PERRY.SWAFFORD@sakilacustomer.org,591,1,2006-02-14 22:04:37,2006-02-15 04:57:20
587,1,SERGIO,STANFIELD,SERGIO.STANFIELD@sakilacustomer.org,593,1,2006-02-14 22:04:37,2006-02-15 04:57:20
590,2,SETH,HANNON,SETH.HANNON@sakilacustomer.org,596,1,2006-02-14 22:04:37,2006-02-15 04:57:20
597,1,FREDDIE,DUGGAN,FREDDIE.DUGGAN@sakilacustomer.org,603,1,2006-02-14 22:04:37,2006-02-15 04:57:20
